por,C0,u0,k_r,D_eff,X_1d,X_3d,X_7d,X_14d,X_21d,X_30d,X_45d,X_60d
0.40403,0.75953,6.7214e-05,5.758e-07,4.64e-10,0.0037797631460712022,0.011542145398144354,0.026989770194129847,0.05379991771939674,0.08037648586234691,0.11420016632887509,0.16976541882688068,0.2240607811013795
0.34753,0.83008,6.6796e-05,8.7562e-07,4.13e-10,0.0045039549867512685,0.013708788287227769,0.032060092809580776,0.06404034223704924,0.09585553038526062,0.13654894036492404,0.20363220174639407,0.269564251527448
0.29704,0.10483,7.316e-05,5.3558e-07,6.25e-10,0.0005409046478180857,0.0016530424866056936,0.0038755155793818163,0.0077604310134177235,0.011640143234150635,0.01661964219890122,0.024899972338514487,0.033154106463072375
0.49722,0.966,9.7721e-05,7.1375e-07,8.04e-10,0.006689447478140154,0.020279845665221674,0.047136012305779684,0.09342592532092497,0.13876508997842119,0.1955011030492878,0.28682131649712095,0.3730449918940917
0.38905,0.75091,1.0913e-05,8.2233e-07,4.97e-10,0.0006934418512205553,0.002116486560881925,0.0049606528805047345,0.009933345918663794,0.014901777645162984,0.021286195841071165,0.031920260410795875,0.042548241164733436
0.39226,0.8809,5.408e-05,2.8644e-07,4.16e-10,0.0028929332623761628,0.00891214371197735,0.020872851682597338,0.041591428609432324,0.062091721893982266,0.08818684995465709,0.13092007176236298,0.1725728015635699
0.30907,0.78865,7.1953e-05,8.3482e-07,4.49e-10,0.004526028608559773,0.013772689269340499,0.03219010821804058,0.06424737435743177,0.09608683932230977,0.13667487858356486,0.20345569808717812,0.2689335121432297
0.44726,0.54492,5.5686e-05,3.9003e-07,6.59e-10,0.0020854206766032224,0.006409057409636043,0.015029464264540437,0.030025253725329604,0.04493401998349256,0.06399604111149848,0.09546497180865876,0.12649690371835387
0.38445,0.17725,2.4085e-05,8.1035e-07,1.05e-10,0.0003590151769531369,0.001097246740926816,0.0025736535564023777,0.005157221021434677,0.0077406394418494395,0.011062001799586607,0.01659713435802923,0.022131675595470246
0.45649,0.91276,5.892e-05,2.5907e-07,2.03e-10,0.0029720655444906985,0.009142350536606947,0.02138676095590042,0.04256608111725735,0.06348666696872496,0.09001715986797465,0.13331057466017937,0.17548585178568388
0.35975,0.68047,4.4296e-05,9.1256e-07,7.49e-10,0.0025277636850469243,0.007706179334478591,0.0180590957010206,0.03616433737662683,0.05425552595038252,0.0774984321539357,0.11618509848032987,0.15478826375304067
0.45152,0.66944,1.3344e-05,4.8451e-07,9.14e-10,0.0007376148613374989,0.00228348795683031,0.005374963252689269,0.010784284913672115,0.016192936780918266,0.023146176429472365,0.034733027415953854,0.04631761583298666
0.44916,0.27338,4.5746e-05,9.2196e-07,3.58e-10,0.0010484570438260565,0.0031959551126451435,0.007490109915372245,0.015002916468994987,0.022513488463764997,0.03216645213653857,0.04824693812150327,0.06431659518156696
0.42931,0.44848,7.8713e-05,8.86e-07,4.36e-10,0.0028060737797398483,0.008532591295979386,0.01996171131868274,0.039881392573690055,0.05972020569050174,0.08510582324537463,0.12713616088582158,0.16872015101378768
0.25723,0.13866,9.1516e-05,5.3392e-08,7.97e-10,0.00014424725424344587,0.00044173182365603303,0.0010363415723834146,0.0020760818610017218,0.0031148483649926506,0.004448882609583649,0.0066686341490042045,0.008883755284633033
0.4709,0.98968,7.8102e-05,4.0324e-07,4.56e-10,0.0046938780382256295,0.01431217195859491,0.03333036846439008,0.06611723736327213,0.09832354582206138,0.13888183943382215,0.20456980498631272,0.26735257461444406
0.29292,0.31417,6.2734e-05,8.8373e-08,5.18e-10,0.0004836434674962975,0.0014934362868401774,0.0035098858991801096,0.007029215788327492,0.01053768730787763,0.0150338619682292,0.02248966961810861,0.02989800762709327
0.25364,0.39375,8.3592e-05,8.705e-07,8.58e-10,0.002578100047243459,0.007836445509506462,0.01832888582073955,0.03662394377515954,0.054832448210251905,0.07814334894821295,0.11672408330220418,0.15488002403776002
0.32231,0.56037,9.5749e-05,8.5456e-07,8.86e-10,0.0040543983992152866,0.012305893615816466,0.028726605081266565,0.05722270278574326,0.08546637822037428,0.12140312507956819,0.18031427053443494,0.23791542530542853
0.33546,0.78237,7.2961e-05,5.3412e-07,3.66e-10,0.0040218959480030625,0.01227257552250094,0.02865129024388524,0.05704227919168103,0.0851164336413982,0.12075031880830323,0.1790464766175618,0.23566359143190652
0.41136,0.69085,9.673e-05,5.2495e-07,5.69e-10,0.004182587077569355,0.01270983644130863,0.029594213262636337,0.058765808044954904,0.08749939244687766,0.12381040387440578,0.18287806887078129,0.23976021024035454
0.32285,0.16998,1.5277e-05,4.5997e-07,5.86e-10,0.00021360882854448704,0.0006625452631873197,0.0015604005365276175,0.0031316041033773168,0.004702758162592913,0.006722734701460897,0.010089218268430455,0.013455497820115236
0.33943,0.62109,9.0412e-05,5.8628e-07,9.45e-10,0.003797769634336201,0.01155181678738626,0.02694638507820113,0.05359441566517953,0.07992966785519695,0.11341714046393847,0.16808707505560727,0.22112635393048052
0.33018,0.15959,4.6576e-05,3.7416e-07,2.46e-10,0.0005326276676274055,0.0016441599593487455,0.003865693693246186,0.007749377651454781,0.011628089081335391,0.016607688739666338,0.024889872129493895,0.03314884840493726
0.38677,0.68208,1.4462e-05,9.6824e-07,1.22e-10,0.0008363816420656756,0.0025465103064289396,0.005964939438360184,0.01194313099967148,0.01791796435001336,0.02559664215597346,0.038386849600862916,0.05117057369517597
0.33813,0.12102,6.4835e-05,5.8988e-08,2.41e-10,0.00013204300239921807,0.000407774108593828,0.0009589887676160203,0.0019228498348807799,0.0028858553207062876,0.0041228346982775665,0.006181433224829447,0.008236239613662821
0.29104,0.83834,9.6139e-05,1.4688e-07,7.77e-10,0.0021465605385214692,0.006546144243473884,0.015276155742244835,0.03038472469620568,0.0452984189355532,0.06420487241313855,0.09513822264015204,0.12523354844899048
0.42622,0.50969,1.0683e-05,4.1698e-07,3.02e-10,0.00044610923927346224,0.0013882795386024327,0.0032724720122038198,0.006569439829647528,0.009865968023514582,0.014103900272350534,0.021166101261053116,0.02822705858939556
0.29939,0.66479,8.4728e-05,3.4377e-07,5.43e-10,0.0030109752824653002,0.009186115537110906,0.021433272425276928,0.04260856041699268,0.0635130725900257,0.09000731576133791,0.13329884046771923,0.17533382981687662
0.49092,0.55301,6.9166e-05,5.5233e-07,8.83e-10,0.0027733747676889076,0.00847111525766453,0.019821858052531005,0.039558052570020874,0.05916126258455323,0.08420602062190563,0.12546681819389593,0.16602496319625393
0.38022,0.29397,1.3087e-05,3.9831e-07,3.16e-10,0.000313938434180705,0.0009789822003722914,0.0023090259696392224,0.004636483782062051,0.006963821784251811,0.009955971252313178,0.014942504121791877,0.019928556241133877
0.27416,0.55773,6.5953e-05,2.341e-07,4.7e-10,0.0017989950331847027,0.005527389058382348,0.012942563305302857,0.025825728711875273,0.0386105411621549,0.054901829434393146,0.08170323322006168,0.10802176302014121
0.37112,0.40188,5.1746e-05,3.5137e-07,3.77e-10,0.0014081335266044048,0.004338973433554272,0.010187791793404122,0.020385715979671537,0.030542209996081704,0.043539013392540404,0.06506995352757017,0.08640717875104986
0.38204,0.72627,2.0886e-05,8.4498e-07,3.61e-10,0.0012781496689286964,0.0039026663667345307,0.009150573242604265,0.018331874571153595,0.02751081922688403,0.03930964808360271,0.05896990039445915,0.07862690214090007
0.47964,0.81768,2.3385e-05,7.0332e-07,2.3e-10,0.0016000210662083791,0.004904284300015549,0.011511892854204286,0.02307319495849469,0.03463235964687039,0.04949112688673618,0.07425001907466366,0.09900171760260246
0.48994,0.92154,2.5303e-05,1.2439e-07,6.01e-10,0.0012956834211126367,0.004140729112107944,0.009814821475288782,0.01969211144949634,0.029522601035647078,0.04209039531238734,0.0628562399357242,0.08340074523035523
0.35264,0.95548,5.5217e-05,4.7374e-07,1.15e-10,0.0038829639693944706,0.011907936146204112,0.027870640835317317,0.055574854487258074,0.08302901573140942,0.11795816904242507,0.1752993476481558,0.2312719457079565
0.36792,0.15232,1.8957e-05,2.6865e-07,6.93e-10,0.00022399575571785402,0.0007086382489983611,0.0016778136192879822,0.0033735909013217213,0.005069065816222906,0.0072485362708514245,0.010879745808528796,0.014509539765226065
0.28008,0.34192,3.1995e-05,5.1079e-07,7.07e-10,0.0008897900927651303,0.0027452618400932716,0.0064549736800011415,0.012944001598860888,0.01942951932979209,0.027763108782619228,0.041641186818860754,0.055502276123839955
0.47728,0.5698,1.7706e-05,6.4263e-07,2.34e-10,0.0008424951838279515,0.0025875647018730463,0.006077398710045534,0.012183575396699564,0.018288889108297957,0.02613744082845637,0.039216067935413323,0.052291873527887445
0.42403,0.90113,2.1925e-05,3.1619e-07,2.39e-10,0.0015531870259428704,0.004872984826201354,0.011508094234728983,0.023104419956164746,0.03468538177504088,0.04955280712228671,0.07428180954686747,0.09893241331875413
0.37596,0.61241,8.6645e-05,6.133e-07,8.36e-10,0.0037099370284440214,0.011288974406258423,0.02635252101941299,0.05245047478284315,0.07827362077430733,0.11114453914498534,0.16492195873610926,0.2172429881786787
0.49538,0.93889,1.171e-05,1.8917e-07,5.92e-10,0.0008295329254177641,0.002696072681522277,0.0064281998777466764,0.012955815761132139,0.019480006145036644,0.02786332168473149,0.04182468160551445,0.05576951209647141
0.35658,0.38291,3.5594e-05,6.8356e-07,4.9e-10,0.0011311600813141975,0.0034673393424451415,0.008138508764111263,0.016310274493099963,0.024478892781675143,0.034976818879944305,0.0524628438798469,0.06993280661470769
0.37962,0.7143,4.8852e-05,6.5867e-07,9.4e-10,0.0028225807564080663,0.0086401650645761,0.02025612333422344,0.040530798264864276,0.06074764557898904,0.08666961508975768,0.1296457727737098,0.1722769456515698
0.27509,0.33389,3.72e-05,2.4446e-07,2.26e-10,0.0008163679062843654,0.0025459624119796853,0.005999927849859477,0.012032275961785577,0.018050368854375387,0.02576529346599654,0.0385693438939988,0.051302953861397604
0.39608,0.17461,4.4665e-05,1.5555e-07,1.72e-10,0.00037016385297983234,0.0011530682093940925,0.002717401465188396,0.005450982805759508,0.008179434794881368,0.011680662454913837,0.017499101299486175,0.02329551784094952
0.43525,0.3994,5.7797e-05,2.5741e-07,9.5e-10,0.001284643858076806,0.003958052452494476,0.009289809298201224,0.018576127080047966,0.027813331480763148,0.03961965322096439,0.05912479691305417,0.07842752443062972
0.43646,0.51491,8.9545e-05,9.0332e-07,9.66e-10,0.0035901232784089077,0.010901997938343455,0.02546934505708065,0.050814615970957044,0.07599630063513352,0.1081739745058794,0.16116875503799677,0.21321839424904132
0.32392,0.47529,1.2064e-05,9.5855e-07,3.1e-10,0.0004871615035211274,0.0014831523563902937,0.003474084253223042,0.0069559479999316,0.01043554194716445,0.014906293269246751,0.02235179773945506,0.029790763155384536
0.37294,0.4921,4.3996e-05,8.9482e-07,6.75e-10,0.0018141678314875787,0.005532598287360191,0.012967146414354369,0.025971693680259644,0.03896913205058006,0.055670131381994725,0.08348130715188751,0.11125388575486705
0.25032,0.49683,7.9253e-05,4.6507e-07,2.55e-10,0.0025436967836491853,0.00776204598603758,0.018151268842555468,0.03618146045300408,0.05405510893410903,0.07684865790374462,0.11432595158857617,0.15105457452849003
0.42232,0.25829,3.776e-05,2.4138e-08,5.55e-10,0.00011525197178874347,0.0003640886692821699,0.0008615216460980957,0.0017314514781557877,0.002600705102965617,0.003717205038880844,0.005575609263987702,0.00743071884549007
0.40104,0.66122,1.9831e-05,6.6778e-07,2.8e-10,0.0010960544479061696,0.0033634220896311406,0.00789758079274372,0.015831138112207155,0.02376343923103008,0.03396045588301022,0.05095233263615362,0.0679407133025357
0.46618,0.20271,7.0276e-05,9.8717e-07,6.28e-10,0.0011697609427572253,0.0035574819883376074,0.00833001506598674,0.01667500875011041,0.025011973277999977,0.03571896292518573,0.0535374245878566,0.07131482622705276
0.43451,0.41357,3.6323e-05,6.7392e-07,5.73e-10,0.0012444922804345504,0.0038154335293606456,0.008955753772768249,0.01794761328044947,0.026935219241986275,0.038484399050471296,0.05771873058050758,0.07693079098444133
0.2862,0.52668,8.6393e-05,5.9287e-07,4.26e-10,0.0031443987529565787,0.009572887641931871,0.022355441334808934,0.04453835382364746,0.06652018220475531,0.09449243595131118,0.14044716029340543,0.18538377211666324
0.31573,0.27978,1.8382e-05,8.3901e-07,7.21e-10,0.0004336331722993858,0.001324117089103738,0.0031048697707065642,0.006220709295493787,0.009336046940872644,0.013340813050198297,0.02001421512922774,0.026686221422701828
0.44146,0.23477,8.1584e-05,5.2431e-07,6.32e-10,0.0012881511663930256,0.003930039363345683,0.0092020616280446,0.018399221320293146,0.027562056194407103,0.03928565773100012,0.05869810672894393,0.07795874952537662
0.31012,0.82009,6.4089e-05,9.0292e-08,2.91e-10,0.0012904665194213294,0.003978863291605794,0.00932839585890588,0.018628887037531294,0.027858180464633064,0.03961818952836682,0.058959804998895304,0.0780078901675082
0.30403,0.8779,7.5009e-05,9.9251e-07,8.48e-10,0.005369354664396475,0.01631154163735049,0.03811510982716382,0.07607144078465577,0.11378427363985699,0.1619618115789183,0.241152238386378,0.3185497250169934
0.36692,0.73727,9.2062e-05,4.8281e-08,3.87e-10,0.0006983895906840232,0.0021368868398806695,0.005005781872079229,0.010006916268067378,0.014985213544881026,0.021348595284787275,0.03187281478138626,0.04229101392901791
0.4819,0.28262,3.8245e-05,7.8533e-07,6.43e-10,0.0009028865940986508,0.002760220797205948,0.006474272249287871,0.012972436093031003,0.01946902121076144,0.027819420814411022,0.04173121154302539,0.05563576391068481
0.48709,0.70129,5.8291e-05,4.0948e-07,5.5e-10,0.002816834399112511,0.008644701572001035,0.020241041884065725,0.04038554724994692,0.06036971357548848,0.0858326949149617,0.12774178956613547,0.16884330359103972
0.28136,0.77734,9.4452e-05,3.5385e-07,8.07e-10,0.0037525509639783072,0.011416400094252488,0.02657646281453263,0.05272947519522586,0.07844635710136327,0.11088228724684379,0.16357396955059378,0.21420242963410363
0.35543,0.50588,6.511e-05,2.9397e-07,7.15e-10,0.0018551724681434845,0.005695969338700868,0.013339633944178364,0.026624652593611797,0.03981599083812637,0.05663785255693998,0.08435323228698388,0.111617544849134
0.48533,0.21159,9.3387e-05,5.9974e-07,8.42e-10,0.0013330508458445633,0.004057764619190607,0.009494516561046495,0.0189758485477054,0.02842196129830077,0.04050731592034962,0.06052110685720746,0.08037033020613549
0.49173,0.32907,7.4023e-05,9.0058e-07,6.09e-10,0.0019610947283896785,0.005966118285623101,0.013965617741150904,0.02793638768182749,0.04187113589923297,0.059743439417984656,0.08941762237739104,0.11891541834558417
0.43358,0.34769,8.704e-05,3.7831e-07,4.38e-10,0.0016848226536058108,0.0051406413094895465,0.012026294404540172,0.024001487571360003,0.03589496236482237,0.051063905369561624,0.07609091385847522,0.1007438314120761
0.36901,0.33424,9.8086e-05,2.7933e-07,2.71e-10,0.0014046843980453083,0.004281975300329477,0.010013183592304298,0.019985202945295266,0.029889561221084437,0.04251062978784814,0.06330591848130251,0.08379489242172333
0.45548,0.80573,4.6196e-05,2.1507e-07,8.63e-10,0.0020992157069782413,0.00650933345163518,0.015285313329766459,0.03051661924838056,0.04562136735794442,0.06489107470400679,0.09657340687361105,0.1276462123298151
0.30685,0.46106,4.519e-05,9.2826e-07,7e-10,0.001748012157890444,0.005327740771664646,0.012485092585287738,0.025005177410258428,0.037519084992112095,0.05359916160597522,0.0803783721036625,0.10712351583552615
0.37134,0.44146,8.2397e-05,5.0952e-07,2.95e-10,0.002407138064531411,0.00733894796445711,0.017161223852371177,0.034227789928307994,0.05115637869029155,0.0727604180923761,0.10833461627456165,0.14326946124697704
0.48448,0.41602,8.7998e-05,5.0335e-07,7.53e-10,0.0023445061030277214,0.007142129123624663,0.01669556971358832,0.03328942849911731,0.049744622302358654,0.07073922404986122,0.10529593799104531,0.13921450929811408
0.26905,0.15728,2.6936e-05,1.3394e-08,8.55e-10,3.832624924504646e-05,0.00012389497758236168,0.000295004754663597,0.0005943684877000033,0.0008936506370487152,0.00127832621739854,0.001919130194133034,0.002559559113576415
0.48357,0.86979,4.0853e-05,1.0215e-07,5.24e-10,0.0013364729797675778,0.004183096446841006,0.009850986497632164,0.01970618732527407,0.0294917002786782,0.041975244091774555,0.06250456515400649,0.08271895941803886
0.43806,0.12729,7.6699e-05,7.1053e-07,9.85e-10,0.0007420617880509184,0.0022619100671709136,0.005299534601456046,0.010608050377879041,0.01590937150274563,0.022714926944454872,0.034029066359293925,0.04530816292245099
0.44002,0.40727,9.9572e-05,2.1236e-07,7.67e-10,0.0014091147982123742,0.004296693123923223,0.010048423472966639,0.020038563049622815,0.029953470791787784,0.04259409810071213,0.06337191018408594,0.08381965719795836
0.42795,0.14895,8.2635e-05,4.6695e-07,2.17e-10,0.0007829117931271723,0.002390398238913627,0.005601026530872688,0.011205411606992843,0.016795579182803833,0.02396251278367867,0.03585152693027105,0.047673209409877515
0.33318,0.88379,3.3717e-05,8.0468e-07,1.43e-10,0.002498086397618171,0.007634760694484766,0.01790557426527184,0.0358724662287051,0.05383063523921505,0.0769094284496592,0.11534437406165532,0.1537318619372099
0.28712,0.38387,5.3298e-05,7.9155e-07,6.04e-10,0.0016798485628239934,0.0051278724249184116,0.012018700367947499,0.0240647991304056,0.036095931597589836,0.051541607036105996,0.07723366253060693,0.10284433275845606
0.3289,0.57572,8.2973e-05,2.6687e-07,8.16e-10,0.002210050667691643,0.006753376198882055,0.015782014204149486,0.031418891311660646,0.046893105226607834,0.06659607416003632,0.09888529199090224,0.1304124254089547
0.25792,0.42557,9.1409e-05,1.3921e-07,5.5e-10,0.0010324843267839334,0.0031560511469468366,0.0073895091901121646,0.014753798833818221,0.022074053274539707,0.03142315341122126,0.046835736636073544,0.06204773921069795
0.26345,0.16686,7.22e-05,4.2482e-07,6.67e-10,0.000777424696174589,0.002379596208653134,0.005578547715441751,0.011164332109793507,0.01673727116777568,0.023883107726429875,0.03573773978969186,0.04752876794131122
0.31793,0.95034,2.0348e-05,2.2259e-07,5.38e-10,0.0014324563583403283,0.004554682070286087,0.010790872943009733,0.021681258236662004,0.032547778924191695,0.046484827197841305,0.06963279748824025,0.09266110368977543
0.45025,0.80993,7.9368e-05,9.3537e-07,8.75e-10,0.0051523461606394205,0.015650919417775078,0.03655425611976015,0.0729235000576769,0.10902677157540097,0.1550813418865905,0.2306115710682478,0.30424156519303713
0.25509,0.22703,5.9186e-05,7.434e-07,3.92e-10,0.0010815948276070575,0.0033022810596170515,0.007740256693304248,0.015498788628969251,0.02324836193818869,0.03319832849483806,0.04975054831042447,0.06626075059710756
0.46475,0.39194,1.4723e-05,7.9831e-07,1.96e-10,0.0004862290287979132,0.0014858059193848527,0.00348455324753727,0.006981497962511796,0.010477590871743603,0.01497148893689737,0.022459155953576282,0.029944082355798374
0.46769,0.3648,7.9869e-05,9.7429e-07,4.77e-10,0.0023504273989896074,0.007142122489224856,0.016711061998920473,0.03341258672880432,0.05006337446857334,0.0713992658774697,0.10680072212179281,0.14194415845074393
0.30036,0.62209,1.5575e-05,1.9783e-07,5.29e-10,0.0007226777526911921,0.002326728257134314,0.005533342780981276,0.01114109224306925,0.01674421301115847,0.023940940791332244,0.035919819274232934,0.047878130927787255
0.33745,0.48302,8.8431e-05,6.8234e-07,8.69e-10,0.00308154806828298,0.00937228451982286,0.021902313918196414,0.04365793570102661,0.06524025993358773,0.09273649081178748,0.13800803846867005,0.18240273804764784
0.29227,0.72109,9.0794e-05,7.9317e-07,6.51e-10,0.004910910189793838,0.014911001871072083,0.03477105324736429,0.0692018338069994,0.10324208586536854,0.14642242345073508,0.21697080416723635,0.2852524583465085
0.36053,0.89585,2.3524e-05,8.2031e-07,4.08e-10,0.0017730743716408703,0.0054172854673029125,0.012704259127344963,0.02545324587328479,0.03819916995682415,0.0545837814778648,0.08188651915291134,0.10918400067955014
0.28288,0.30408,6.2227e-05,3.6567e-07,6.2e-10,0.0012140895360627235,0.003727412343185854,0.008742773977511553,0.017490983816717764,0.02620446983628999,0.03735210999576544,0.05580823881633257,0.07409304369519931
0.402,0.97087,9.0046e-05,7.2214e-07,2.88e-10,0.0063852435116251716,0.01937780196123562,0.04510753850606475,0.0895152518446416,0.13316560709302994,0.18811496113601245,0.27692167095622444,0.36119036130286375
0.37462,0.92607,6.0575e-05,5.6126e-07,9.62e-10,0.004233192578275369,0.012944520847062324,0.030273542865818848,0.06035881252595865,0.09017457307865084,0.12810871320504214,0.19036317447513607,0.25108291011361905
0.35824,0.49052,3.6735e-05,7.7073e-07,2.53e-10,0.0015050611050014817,0.004602888832723417,0.010797088243218456,0.021633334559458928,0.032465407378819755,0.04638596150152641,0.06957275709533395,0.09273652781838149
0.28948,0.52987,3.0148e-05,4.4277e-07,1.92e-10,0.001282768132255807,0.0039722618337754145,0.009348372301805408,0.018748261817220335,0.028138226320249426,0.040198176896722115,0.06026711886004643,0.0802877656789246
0.27912,0.14208,2.9506e-05,1.5199e-07,7.62e-10,0.00024216097214713184,0.0007665650889752129,0.0018147776624999334,0.003647792726000021,0.005479230885271136,0.007831323549599367,0.011745624918441666,0.015652066966169276
0.45931,0.80006,5.2918e-05,6.9132e-07,9.75e-10,0.0034169500091054683,0.010445375150031078,0.024469795255297133,0.04893160256384721,0.07330000829313166,0.10449048959775808,0.1561242945762995,0.20719049022888225
0.43158,0.12301,9.8236e-05,2.2531e-07,1.52e-10,0.00044352684607595894,0.0013539102733516328,0.003172487636171395,0.006347702843840564,0.009515419429317329,0.01357764738315237,0.020320105926811438,0.02702842158584906
0.44275,0.26509,3.0323e-05,5.4215e-07,3.33e-10,0.0006595477073851885,0.0020328835422509517,0.0047791362853825126,0.009583819576251429,0.014387187408016144,0.020561294703941413,0.030846707720024735,0.04112552011038462
0.39116,0.81171,3.1575e-05,3.2046e-07,6.79e-10,0.0019253661257410126,0.005999108099368877,0.014130559404699539,0.02831540209198613,0.04245303438658221,0.060561257010801284,0.09056448300809572,0.12034422257213795
0.40728,0.11659,4.2516e-05,7.3263e-07,5.64e-10,0.0004103346054711299,0.00125551781991462,0.0029456769032673025,0.0059029874213665234,0.00885975563230823,0.01266050623095838,0.01899290818892818,0.025322965836304
0.47143,0.60233,7.3831e-05,9.6238e-07,5.22e-10,0.003617882496301683,0.01099801883885565,0.025722681890834487,0.051398367087417185,0.07696946923801173,0.10968818885079645,0.1637831753675132,0.2172761900836091
0.34454,0.54569,4.8252e-05,3.3288e-07,9.18e-10,0.0017884773016998423,0.005520318972020322,0.01296298964492959,0.025924694607144527,0.03881638519024211,0.05529493662542839,0.08255334191178221,0.10949860708239123
0.30289,0.64583,1.9275e-05,3.6818e-07,8.15e-10,0.0010040083073865613,0.003137539857737459,0.0074036534492047945,0.014867050592919262,0.022327823302617178,0.03191630034793591,0.04788840517102799,0.06384694996513218
0.32099,0.28664,3.4676e-05,7.3683e-07,9.92e-10,0.0008294723777259039,0.0025392147031791934,0.005958303864185721,0.01194051506006888,0.017921547226976475,0.025609756613717893,0.038419610920013114,0.05122376758372904
0.36126,0.849,8.7472e-05,2.4898e-08,6.39e-10,0.00042635609841246147,0.0013067547786238531,0.003064439724485224,0.006132869454271828,0.009192460540895064,0.013111698519210013,0.019612273085383936,0.02607019685032952
0.31944,0.75523,4.7764e-05,7.0611e-08,5.03e-10,0.0009083376092491324,0.002830456611256138,0.006661590522519467,0.013332666684841343,0.019967448736300297,0.028446967138428647,0.04243645843339483,0.05626304769378088
0.41316,0.59882,4.3219e-05,8.6186e-07,9.28e-10,0.002165191000179423,0.006606917792459588,0.015487076265733868,0.03101813488354388,0.046537374891708505,0.06647672594238274,0.09966949886797072,0.13279871136111565
0.30596,0.89069,9.2579e-05,2.0015e-07,1.65e-10,0.002886698562151957,0.008799363661344484,0.020503845103295504,0.040706384495993286,0.06059444677341452,0.08571472366918131,0.12661643262881583,0.16610822778116163
0.4549,0.2924,5.687e-05,2.2959e-07,1.24e-10,0.0008744728280910552,0.00269807641694797,0.006336699700067561,0.012684699942267175,0.01900965121517062,0.027106061009423033,0.0405123564944766,0.05380822069168467
0.35041,0.91557,1.4024e-05,6.5664e-07,1.7e-10,0.0010741829359826038,0.003296433965026102,0.007739764761749646,0.015513287160550893,0.023284572779226576,0.03327316883062703,0.04991601386988043,0.0665546333172643
0.39708,0.8972,8.4483e-05,4.0845e-08,8.25e-10,0.0007205121036396589,0.00220878703803562,0.0051766214544023414,0.010349420845897628,0.015497654025396157,0.022076709173407982,0.032954292686475095,0.04371794538823426
0.29812,0.64041,6.8686e-05,1.2954e-07,5.98e-10,0.0013729161034784498,0.004221784921036642,0.009897171636303659,0.019751787968689594,0.02953032202952488,0.04199458899144781,0.06248063763913736,0.08265281441097683
0.37688,0.59261,6.3953e-05,7.6043e-07,5.1e-10,0.0030281369249651746,0.009233937256232672,0.0216175468564459,0.043206931076743116,0.06470973810062097,0.09224965325174994,0.13781509242863055,0.18287486163615307
0.27671,0.7742,8.5898e-05,9.842e-07,1.04e-10,0.00531138449312929,0.016118485874465405,0.03762759643382019,0.07503207922881949,0.11213896301709181,0.1594379262756508,0.23689542955573828,0.31223072116729367
0.26634,0.97548,4.9912e-05,3.1788e-08,2.21e-10,0.0005843673125691673,0.0018209984762017628,0.004287755228458812,0.00859006163006426,0.012875666329312252,0.018361566860966794,0.027439575571151842,0.03644184000032369
0.25215,0.56484,9.5215e-05,3.2194e-07,6.64e-10,0.002579859076130231,0.007859424086525846,0.018336983340297097,0.03646532068919983,0.05437834019034771,0.07710595020412259,0.114306204415485,0.1505266924340941
0.26815,0.99657,1.2294e-05,4.8658e-07,3.48e-10,0.00101177725940782,0.003131422564616959,0.007369850612789386,0.014785413256156454,0.022199459359351637,0.031729991324076945,0.04761111986905198,0.06348926536030297
0.30152,0.8341,6.9799e-05,5.7068e-07,8.45e-10,0.00425314315783254,0.012980292369961566,0.030321011175989288,0.0603806985457237,0.09012378212919658,0.12798282371693315,0.18987018214241214,0.2499807291315661
0.30806,0.74056,6.5364e-05,6.0408e-07,1.62e-10,0.0036590820333537444,0.011174202399143573,0.02614175388520501,0.052143746272485414,0.07794838893311451,0.11083127095823286,0.1649497612381171,0.21797858751616805
0.27283,0.93363,6.6544e-05,1.2324e-07,9.59e-10,0.0019083667492764134,0.005870061691367279,0.013740054532264456,0.02738063387805867,0.04087876868089846,0.05800852832687331,0.0860904973220149,0.11353132322833392
0.31403,0.2193,2.4407e-05,1.166e-07,7.3e-10,0.00029189414710861783,0.0009363444840175816,0.002224451640547409,0.004476171242259852,0.006725158434788492,0.009612962874934516,0.014416203760211688,0.01920719941429383
0.33449,0.31693,5.0912e-05,5.666e-07,1.28e-10,0.0012648088457324347,0.0038787742811695614,0.009101627607328022,0.018227110133175906,0.027335350387086343,0.03902362849386498,0.058451322882802303,0.07779787359132706
0.34509,0.7668,3.2483e-05,8.2405e-08,4.69e-10,0.0009305446138960782,0.0029481654660613588,0.006972282032635335,0.013980093184094655,0.0209530667298653,0.029868773260627535,0.04459265992470618,0.059156575679577106
0.41861,0.30846,2.2729e-05,6.4967e-07,1.82e-10,0.000584953011491085,0.001796303092670204,0.004218888049154379,0.00845809954865695,0.012696961092144465,0.018146437277332228,0.027227996912998598,0.03630825837238738
0.49783,0.7444,4.7328e-05,6.1769e-07,9.97e-10,0.00283325147019442,0.008682564822291239,0.020359683622794722,0.04073749588518061,0.061052424517609394,0.0870946896300705,0.13025168924890795,0.17303632715069028
0.38768,0.58148,4.3518e-05,7.3925e-07,7.84e-10,0.002093396304564843,0.006402625273815965,0.015015916128706785,0.030074920112246217,0.04511537213272221,0.06443123813430607,0.09656368848999586,0.12859951827554106
0.36325,0.68547,2.7248e-05,1.0782e-07,1.86e-10,0.0009241193285829397,0.0029482577667951926,0.006986497957395255,0.014028785377441344,0.02104237203436443,0.030011811509176978,0.044858117125023966,0.0595616885385134
0.37832,0.13216,4.1815e-05,4.3278e-07,2.83e-10,0.0004232222610818237,0.001306185400570925,0.0030714620071308207,0.0061589800486175905,0.00924434477667091,0.013208150425303322,0.01980710090237736,0.02639610788569091
0.49966,0.42901,6.8416e-05,3.928e-08,2.11e-10,0.0003251587271791978,0.0010027561800368678,0.002356247938629985,0.004719972338266376,0.007078614217025825,0.010103961966025699,0.015126358316681299,0.0201256213460963
0.4941,0.23587,3.5651e-05,5.1838e-07,7.91e-10,0.0006795447681756661,0.002094266739169681,0.004922885453549908,0.00987062932324656,0.01481588141436374,0.021170476286275774,0.031751219050371704,0.04232087568831766
0.49358,0.22341,8.1101e-05,5.4608e-07,4.21e-10,0.0012415207807353612,0.0037876078650587175,0.00886852131705651,0.017734404660467495,0.026569823263882797,0.03788280400255106,0.056618042771977684,0.07522105396441292
0.40951,0.73038,1.6526e-05,4.3999e-07,8.32e-10,0.0009896905442055015,0.0030743414872771435,0.0072432499910199954,0.014537936436754717,0.02183163723113435,0.031207848562932683,0.04683188359875601,0.062451563316163416
0.47367,0.85509,1.7192e-05,8.7896e-07,9.7e-10,0.0012418201200273815,0.003788048038886216,0.008878559347125559,0.01778347035157568,0.02668525322649995,0.03812674361865609,0.05719057032548569,0.07624917472053983
0.39832,0.35911,2.2168e-05,3.9238e-07,4.04e-10,0.0006426117079270099,0.0020019791473512294,0.004720262990095647,0.009476045549420165,0.014230512462745537,0.020341510377175354,0.030521961212121917,0.0406959528242562
0.41089,0.32096,8.9094e-05,4.5389e-07,6.85e-10,0.0017331827183371118,0.005282955159863545,0.012357857854415122,0.024668532197617554,0.0369027837370175,0.05252662216105819,0.07830992325322905,0.10372411810779181
0.42684,0.53766,2.5934e-05,6.3047e-07,8.91e-10,0.0011603962111786936,0.003565566420956956,0.008375279564311833,0.01679085643992373,0.025204865549245503,0.03602064835259233,0.054041894331011364,0.0720556148180187
0.4172,0.44505,7.113e-05,7.5312e-07,2.61e-10,0.0024793542817078684,0.007554865461480542,0.01768514281439426,0.035343590565835914,0.05293075424803917,0.07543831015560853,0.11271865039727247,0.14962652723905634
0.2593,0.92894,5.7347e-05,6.723e-08,3.27e-10,0.001112995103518588,0.0034458032065891597,0.008089722939193411,0.016168140965028055,0.024191172690747664,0.03442763836950513,0.05127132325659878,0.06789262731222401
0.35126,0.85746,8.0733e-05,6.3418e-07,1.46e-10,0.005010550739166231,0.015247120056120167,0.03555055674431162,0.07069528462711139,0.10537602616139485,0.14927129916092752,0.22078043860814822,0.289677047233611
0.41602,0.62847,3.9204e-05,7.4927e-07,1.36e-10,0.0020501070041653024,0.006271529331605352,0.014711225814867168,0.029469617722410635,0.04421695315861518,0.06316402324174542,0.09470058264778003,0.12617226397400094
0.40811,0.19255,4.8234e-05,8.2695e-07,2.75e-10,0.0007712188866390024,0.002354187616018244,0.0055194989517761694,0.01105690697954842,0.0165923336419026,0.02370643893295077,0.03555647634829573,0.04739668251826701
0.46995,0.20689,5.4521e-05,2.404e-07,8e-10,0.0006228059068145164,0.0019235140722451138,0.004520526862008101,0.009055230779802081,0.013579351547028717,0.01938022787541893,0.029003820180471207,0.038576075676643895
0.48836,0.46877,5.135e-05,8.496e-07,3.56e-10,0.0019958544061093875,0.0060879218093894405,0.014267165429640793,0.02856628276007389,0.04284795909800465,0.061185342120487096,0.09169319085111549,0.12211111496504767
0.47413,0.78757,4.9464e-05,9.3865e-07,7.1e-10,0.0032600093073311687,0.00993156212699553,0.02326460392857088,0.04657080200358854,0.06984649380939101,0.09973398657770571,0.14941526574169317,0.19888490476775778
0.32875,0.2435,5.9562e-05,3.0204e-07,4.44e-10,0.0008658325964908675,0.0026645362817048213,0.0062543470426248415,0.012520240550942807,0.018766801634908403,0.02676952909156094,0.040030824302906276,0.0532006646632589
0.32564,0.7195,3.5006e-05,1.7939e-07,7.58e-10,0.001469392200647457,0.004606501821446174,0.010863351327753401,0.02175264771680918,0.032582682780324834,0.046421470959791655,0.06925277226125404,0.0918269227782349
0.26218,0.50355,2.0691e-05,2.7493e-07,3.04e-10,0.0008048617402656166,0.0025399405794381824,0.006008369312757833,0.012074129798791744,0.01813519304715916,0.025920472997547295,0.038879689141903095,0.051816186582603674
0.31222,0.25151,4.1081e-05,9.886e-08,5.79e-10,0.00037817610210133523,0.0011847272211372717,0.002795705442660945,0.005609851162453272,0.00841835952566572,0.012021368575071523,0.018003713620649342,0.023960477725445184
0.46161,0.35582,6.1729e-05,4.7957e-07,7.35e-10,0.0015729575383488514,0.004819467861897131,0.011298144187544934,0.022597298429267387,0.03385262501000019,0.04825892414100652,0.07213233957448428,0.0957929107893637
0.27124,0.60765,8.0636e-05,3.0645e-07,8.98e-10,0.002516160196187389,0.007688326590065908,0.017962129304004648,0.03574728583964215,0.05333676356023509,0.07571990047542754,0.11235792723481364,0.14806606554486412
0.3172,0.36744,1.7384e-05,6.691e-07,3.83e-10,0.0005343933891704955,0.001639648603685151,0.0038499737123318667,0.007717554755241052,0.011584604784739327,0.016555784155404485,0.02483984872220313,0.03312237166663268
0.47768,0.47071,3.2877e-05,5.5562e-07,3.71e-10,0.0012673797204020287,0.003902312690651333,0.009170388605318047,0.0183839293273389,0.02759078139612481,0.03942042376514421,0.059115825005257805,0.07877954260805708
0.27843,0.84287,7.7295e-05,9.1781e-07,2.62e-10,0.005225735970198264,0.015878720680614578,0.03708961379598408,0.07399436161966766,0.11062864913131087,0.15735600592045806,0.23397715055783708,0.308643565616852
0.3408,0.58684,3.1007e-05,5.9509e-07,4.3e-10,0.0015026614954969375,0.0046211798097646195,0.010856369853387893,0.02176282809173513,0.03266287382489785,0.04666846281392156,0.06999239656415379,0.09328586049692356
0.46348,0.25564,2.8757e-05,3.1156e-07,5.09e-10,0.0005578781153159351,0.0017432986042223986,0.004113103042000077,0.008256969645438872,0.012397498728258016,0.017716231558130735,0.026567441146448045,0.03540319279961712
0.39457,0.53641,6.1226e-05,7.7366e-07,7.27e-10,0.0026480554536433276,0.008076847422013866,0.01891757061922783,0.03783120700939757,0.056687351231020644,0.08085944907892006,0.12092852141578903,0.1606662875556707
0.44783,0.86807,8.3849e-05,4.2781e-07,4.82e-10,0.004403396769159795,0.013416813303724573,0.031238301291473203,0.06197726337364495,0.09220444558302587,0.13031704777664288,0.19201437833260582,0.25135955642887853
0.38607,0.79438,7.7872e-05,8.5889e-07,9.33e-10,0.004894772183341556,0.014879557379305797,0.034752576924102274,0.06931340320620638,0.10358991646312443,0.14719148091586165,0.21877874004702247,0.2886554652031742
0.255,0.99543,1.5853e-05,6.2091e-07,9.32e-10,0.001316956474019304,0.004047737221823833,0.009508257710222123,0.019062106480982388,0.02861396583900966,0.04089230117677001,0.06135221377915212,0.08180747481233008
0.44388,0.70354,2.5059e-05,1.7522e-07,1.12e-10,0.0011540214053745723,0.003666865590563062,0.008683734334627546,0.017437273039945578,0.0261596208141901,0.037331682229009955,0.05584181146813694,0.07422225803112847
0.34744,0.11082,5.2617e-05,1.6615e-08,5.6e-10,3.618749600442506e-05,0.00011266718708269341,0.00026560451277979347,0.0005331797543087768,0.0008006880873531186,0.001144532273877119,0.0017173435825682537,0.002289846893533065
0.34998,0.94332,7.0646e-05,3.3732e-07,5.85e-10,0.0038766500895218714,0.01185821822038835,0.02767591757598975,0.05494656877996018,0.08180097005390619,0.11573034170724905,0.1707938491616059,0.2240011132196883
0.34299,0.90751,6.0222e-05,3.284e-07,9.79e-10,0.003380342853850582,0.010379205301003003,0.02426253850917559,0.04829492904011601,0.07203643986026842,0.1021481535118226,0.1513813897122821,0.19919006792892768
0.27179,0.95159,5.5907e-05,9.9793e-07,3.45e-10,0.004445789751916562,0.01352735802136984,0.03166811443476136,0.06335038933738191,0.09495772113179168,0.13549819817418063,0.20271994542805039,0.26935184297231884
0.40623,0.29892,9.3916e-05,1.8618e-07,8.74e-10,0.0009209962795493354,0.0028129067383565465,0.006586384657646049,0.013160161906503709,0.019697892745080048,0.0280554632453196,0.04186273369456872,0.05551503595046514
0.43889,0.45372,2.1393e-05,4.4981e-07,6.54e-10,0.0007938916593768219,0.0024629969250290484,0.005800866049104791,0.011640930256450188,0.017479779417707952,0.024985166208878806,0.03749045594741873,0.04999013667156138
0.26103,0.6751,9.4663e-05,6.9353e-07,3.24e-10,0.0045331122720898565,0.013769286137301218,0.03209197741963499,0.06379736973746053,0.09510082304092804,0.13486714603708505,0.19962166689035343,0.2621719534222725
0.47566,0.1957,7.5305e-05,2.9027e-07,7.46e-10,0.0007621443822215523,0.0023351793161983103,0.005474868897352714,0.010954459279212792,0.016416492741973876,0.023411111143902597,0.0350035776261064,0.04651091885369507
0.44532,0.21371,2.7648e-05,9.7738e-07,6.98e-10,0.0004994944096844423,0.0015215958508170147,0.0035656531239666167,0.007142410809479416,0.010718801649672871,0.015316551429851333,0.022978568056742033,0.030639436163929168
0.34137,0.26711,9.2891e-05,2.5206e-07,9.54e-10,0.001026564506288019,0.0031339851085173676,0.007335864304570894,0.014657805345613784,0.021942833001238338,0.0312484641594164,0.04662547647470128,0.06182238598995793
0.26407,0.3744,7.5709e-05,9.4863e-07,6.46e-10,0.00229396191766984,0.006974384797961863,0.016322164972178754,0.032641341157507164,0.048914603049200034,0.06978289510877578,0.10440994098874201,0.13879756947540178
0.31264,0.24672,2.6506e-05,2.0499e-07,3.36e-10,0.0004470198995289998,0.0014132386753427095,0.00334458277120786,0.006720737731125248,0.010093115319887214,0.01442367450526294,0.02162697157000326,0.028812596181169048
0.28449,0.86229,6.1779e-05,4.1359e-07,8.24e-10,0.003609181112580684,0.011058931122282512,0.025851048587290593,0.051496384428789455,0.0768623949746261,0.10907179776442233,0.16180973771838092,0.21311367019611926
0.26578,0.34573,5.0441e-05,1.7254e-07,7.85e-10,0.0008235534782057297,0.002553060421147446,0.006003932081088181,0.012023799679961145,0.018021108068259073,0.025695548708644655,0.03840339888659927,0.051001612211781566
0.42083,0.9597,8.549e-05,1.1346e-07,3.4e-10,0.0019361224138910726,0.005921176682053053,0.013832165599784951,0.027542038528529655,0.04109458585222048,0.058293839715628515,0.08644520344579587,0.11388897897718298
0.45265,0.71075,6.3459e-05,4.9418e-07,1.34e-10,0.003234183761541387,0.009897163823394672,0.023151831412213775,0.04617615822828813,0.0690108748069449,0.09809510998729021,0.14585034621393156,0.1926889601689039
0.41941,0.65233,5.498e-05,6.4617e-07,7.21e-10,0.002847607267069896,0.008708871319935363,0.020408861497295816,0.040808040228354714,0.06112627459865372,0.08713040900426405,0.1302001515367497,0.17283068399576806
0.39918,0.63777,9.725e-05,7.8095e-07,2.07e-10,0.004541451816193476,0.01378497662302025,0.03214036542579557,0.06393353907952115,0.0953614592316705,0.13532775247928686,0.20053645218476612,0.2636869780461891
0.42279,0.42006,3.3894e-05,7.6248e-07,3.97e-10,0.0011907222574665255,0.003642877406387135,0.008546394616923192,0.01712569354777449,0.025702868302237336,0.03672755734360633,0.05509509132050627,0.0734521492278789
0.36381,0.18968,9.9038e-05,3.8469e-07,4.85e-10,0.0009836174195905212,0.0029971432831988887,0.007013875903031042,0.014018888105824412,0.020995186354937356,0.029918528880826467,0.044684663769315014,0.059310774702058255
0.39363,0.45619,3.9872e-05,4.9737e-07,7.43e-10,0.001443258345869669,0.004445844320936421,0.010445417457339734,0.020929765465764305,0.031395528190614974,0.04482867660921541,0.06715985048989104,0.08940250061045152
0.45843,0.76528,2.8967e-05,5.8131e-07,6.14e-10,0.0018315839678474388,0.005636971174263872,0.013245388283333437,0.026553413734387354,0.039853162823074606,0.056943131993090534,0.08539916860071994,0.11381232959888754
0.46713,0.98033,7.6418e-05,9.4179e-07,6.82e-10,0.006044851299032761,0.018362017601867286,0.04287939603190416,0.08552289486885445,0.12781642099415635,0.18168892208767318,0.2697570051354631,0.35507640586609557
0.43099,0.47826,3.8746e-05,1.5901e-07,9.23e-10,0.0009637482409466935,0.0030148947789974123,0.007108249924591803,0.01424253391448127,0.021347802153761086,0.030441347625832837,0.045484381088520265,0.06039064026786001
0.48092,0.82519,9.9469e-05,6.2403e-08,3.18e-10,0.0009999972724200612,0.00305339899432322,0.007144250400682672,0.014264066877172299,0.021338058605756216,0.03035710353210397,0.045236686106929325,0.05992353313318499
0.41469,0.1823,4.2017e-05,9.5112e-07,3.95e-10,0.0006445222388763439,0.0019640792334263413,0.004603009291797577,0.009220640938380598,0.013837594159967437,0.019772965899090722,0.02966329060804196,0.03955078708836435
0.35434,0.65688,3.959e-05,1.676e-07,4.92e-10,0.0013788247520283292,0.004306907058349352,0.010143622062345314,0.020302203233507732,0.030402351296505592,0.043305106583386266,0.06457740885824403,0.08557659269678508
0.46014,0.5195,7.4567e-05,8.1442e-07,4.53e-10,0.003057018283675106,0.009304795475075789,0.02176730664506099,0.043478300979664875,0.06508661559392814,0.09274272997233024,0.13844516824444442,0.18356084556218966
0.28808,0.63354,7.1591e-05,7.8678e-08,8.92e-10,0.0009050239243679759,0.0027836292890107694,0.006527875725385157,0.013049514174090837,0.019534978668216962,0.027814832664302402,0.04148465683715474,0.054981890224163554
0.36565,0.61321,5.6726e-05,9.0816e-07,9.05e-10,0.002882481822318983,0.00878091511069179,0.020563872318123178,0.041150890303891074,0.061699238653655675,0.08806043765881655,0.13184950171762067,0.17540043304580233
0.29468,0.10437,6.7996e-05,1.3416e-07,7.74e-10,0.00022948663895183685,0.0007067189805094465,0.0016605657570314403,0.0033276334468362867,0.004992605501911607,0.007130276443331973,0.010684983254712788,0.014229947742269267
0.32674,0.43541,5.212e-05,7.2512e-07,5.36e-10,0.0018472833371351305,0.005645767976793059,0.013235882474446514,0.02649946807308956,0.039738882326295744,0.05673267215169964,0.08497936550609142,0.11310711983855981
0.33126,0.58232,2.8116e-05,8.8878e-07,1.58e-10,0.0013797645472161113,0.004209816914847786,0.009869169341037098,0.01977151869613536,0.029672303982820725,0.04239988553831808,0.06360853754790452,0.08481191647579878
0.3826,0.37746,1.0427e-05,6.2706e-07,9.87e-10,0.0003297656912855107,0.0010127383215936536,0.002378477442022686,0.0047679242403044775,0.007156794754695994,0.010227483852107477,0.015343820963501953,0.020458320324622137
0.29547,0.98312,4.0243e-05,3.604e-07,9.06e-10,0.002910780646955158,0.009006032517150708,0.021145412520688023,0.042276118508267846,0.06327480356490967,0.09008022843336028,0.13429963290539548,0.17781448376887488
0.4032,0.69562,3.3399e-05,6.9808e-07,1.8e-10,0.0019342869128483597,0.005927587122936284,0.01391191384698709,0.027878082557504236,0.041836215370040675,0.05977294556705359,0.0896408533544043,0.11946667555727974
